ID,YR,CUM_PR,ANN_PERIOD,CUM_WEEK,ANN_WEEK,PER_WEEK,CUM_DAY,ANN_DAY,PER_DAY,WEEK_DAY,WK_DAY,DATE
1,1,1,1,1,1,1,1,10,10,10,10,4/11/2011
2,1,1,1,1,1,1,2,10,10,10,10,4/12/2011
3,1,1,1,1,1,1,3,10,10,10,10,4/13/2011
4,1,1,1,1,1,1,4,10,10,10,10,4/14/2011
5,1,1,1,1,1,1,5,10,10,10,10,4/15/2011
6,1,1,1,1,1,1,6,10,10,10,10,4/16/2011
7,1,1,1,1,1,1,7,10,10,10,10,4/17/2011
8,1,1,1,2,2,2,8,10,10,10,10,4/18/2011
9,1,1,1,2,2,2,9,10,10,10,10,4/19/2011
10,1,1,1,2,2,2,10,10,10,10,10,4/20/2011
11,1,1,1,2,2,2,11,10,10,10,10,4/21/2011
12,1,1,1,2,2,2,12,10,10,10,10,4/22/2011
13,1,1,1,2,2,2,13,10,10,10,10,4/23/2011
14,1,1,1,2,2,2,14,10,10,10,10,4/24/2011
15,1,1,1,3,3,3,15,10,10,10,10,4/25/2011
16,1,1,1,3,3,3,16,10,10,10,10,4/26/2011
17,1,1,1,3,3,3,17,10,10,10,10,4/27/2011
18,1,1,1,3,3,3,18,10,10,10,10,4/28/2011
19,1,1,1,3,3,3,19,10,10,10,10,4/29/2011
20,1,1,1,3,3,3,20,10,10,10,10,4/30/2011
21,1,1,1,3,3,3,21,10,10,10,10,5/1/2011
22,1,1,1,4,4,4,22,10,10,10,10,5/2/2011
23,1,1,1,4,4,4,23,10,10,10,10,5/3/2011
24,1,1,1,4,4,4,24,10,10,10,10,5/4/2011
25,1,1,1,4,4,4,25,10,10,10,10,5/5/2011
26,1,1,1,4,4,4,26,10,10,10,10,5/6/2011
27,1,1,1,4,4,4,27,10,10,10,10,5/7/2011
28,1,1,1,4,4,4,28,10,10,10,10,5/8/2011
29,1,2,2,5,5,1,29,10,10,10,10,5/9/2011
30,1,2,2,5,5,1,30,10,10,10,10,5/10/2011
31,1,2,2,5,5,1,31,10,10,10,10,5/11/2011
32,1,2,2,5,5,1,32,10,10,10,10,5/12/2011
33,1,2,2,5,5,1,33,10,10,10,10,5/13/2011
34,1,2,2,5,5,1,34,10,10,10,10,5/14/2011
35,1,2,2,5,5,1,35,10,10,10,10,5/15/2011
36,1,2,2,6,6,2,36,10,10,10,10,5/16/2011
37,1,2,2,6,6,2,37,10,10,10,10,5/17/2011
38,1,2,2,6,6,2,38,10,10,10,10,5/18/2011
39,1,2,2,6,6,2,39,10,10,10,10,5/19/2011
40,1,2,2,6,6,2,40,10,10,10,10,5/20/2011
41,1,2,2,6,6,2,41,10,10,10,10,5/21/2011
42,1,2,2,6,6,2,42,10,10,10,10,5/22/2011
43,1,2,2,7,7,3,43,10,10,10,10,5/23/2011
44,1,2,2,7,7,3,44,10,10,10,10,5/24/2011
45,1,2,2,7,7,3,45,10,10,10,10,5/25/2011
46,1,2,2,7,7,3,46,10,10,10,10,5/26/2011
47,1,2,2,7,7,3,47,10,10,10,10,5/27/2011
48,1,2,2,7,7,3,48,10,10,10,10,5/28/2011
49,1,2,2,7,7,3,49,10,10,10,10,5/29/2011
50,1,2,2,8,8,4,50,10,10,10,10,5/30/2011
51,1,2,2,8,8,4,51,10,10,10,10,5/31/2011
52,1,2,2,8,8,4,52,10,10,10,10,6/1/2011
53,1,2,2,8,8,4,53,10,10,10,10,6/2/2011
54,1,2,2,8,8,4,54,10,10,10,10,6/3/2011
55,1,2,2,8,8,4,55,10,10,10,10,6/4/2011
56,1,2,2,8,8,4,56,10,10,10,10,6/5/2011
57,1,3,3,9,9,1,57,10,10,10,10,6/6/2011
58,1,3,3,9,9,1,58,10,10,10,10,6/7/2011
59,1,3,3,9,9,1,59,10,10,10,10,6/8/2011
60,1,3,3,9,9,1,60,10,10,10,10,6/9/2011
61,1,3,3,9,9,1,61,10,10,10,10,6/10/2011
62,1,3,3,9,9,1,62,10,10,10,10,6/11/2011
63,1,3,3,9,9,1,63,10,10,10,10,6/12/2011
64,1,3,3,10,10,2,64,10,10,10,10,6/13/2011
65,1,3,3,10,10,2,65,10,10,10,10,6/14/2011
66,1,3,3,10,10,2,66,10,10,10,10,6/15/2011
67,1,3,3,10,10,2,67,10,10,10,10,6/16/2011
68,1,3,3,10,10,2,68,10,10,10,10,6/17/2011
69,1,3,3,10,10,2,69,10,10,10,10,6/18/2011
70,1,3,3,10,10,2,70,10,10,10,10,6/19/2011
71,1,3,3,11,11,3,71,10,10,10,10,6/20/2011
72,1,3,3,11,11,3,72,10,10,10,10,6/21/2011
73,1,3,3,11,11,3,73,10,10,10,10,6/22/2011
74,1,3,3,11,11,3,74,10,10,10,10,6/23/2011
75,1,3,3,11,11,3,75,10,10,10,10,6/24/2011
76,1,3,3,11,11,3,76,10,10,10,10,6/25/2011
77,1,3,3,11,11,3,77,10,10,10,10,6/26/2011
78,1,3,3,12,12,4,78,10,10,10,10,6/27/2011
79,1,3,3,12,12,4,79,10,10,10,10,6/28/2011
80,1,3,3,12,12,4,80,10,10,10,10,6/29/2011
81,1,3,3,12,12,4,81,10,10,10,10,6/30/2011
82,1,3,3,12,12,4,82,10,10,10,10,7/1/2011
83,1,3,3,12,12,4,83,10,10,10,10,7/2/2011
84,1,3,3,12,12,4,84,10,10,10,10,7/3/2011
85,1,4,4,13,13,1,85,10,10,10,10,7/4/2011
86,1,4,4,13,13,1,86,10,10,10,10,7/5/2011
87,1,4,4,13,13,1,87,10,10,10,10,7/6/2011
88,1,4,4,13,13,1,88,10,10,10,10,7/7/2011
89,1,4,4,13,13,1,89,10,10,10,10,7/8/2011
90,1,4,4,13,13,1,90,10,10,10,10,7/9/2011
91,1,4,4,13,13,1,91,10,10,10,10,7/10/2011
92,1,4,4,14,14,2,92,10,10,10,10,7/11/2011
93,1,4,4,14,14,2,93,10,10,10,10,7/12/2011
94,1,4,4,14,14,2,94,10,10,10,10,7/13/2011
95,1,4,4,14,14,2,95,10,10,10,10,7/14/2011
96,1,4,4,14,14,2,96,10,10,10,10,7/15/2011
97,1,4,4,14,14,2,97,10,10,10,10,7/16/2011
98,1,4,4,14,14,2,98,10,10,10,10,7/17/2011
99,1,4,4,15,15,3,99,10,10,10,10,7/18/2011
100,1,4,4,15,15,3,100,10,10,10,10,7/19/2011
101,1,4,4,15,15,3,101,10,10,10,10,7/20/2011
102,1,4,4,15,15,3,102,10,10,10,10,7/21/2011
103,1,4,4,15,15,3,103,10,10,10,10,7/22/2011
104,1,4,4,15,15,3,104,10,10,10,10,7/23/2011
105,1,4,4,15,15,3,105,10,10,10,10,7/24/2011
106,1,4,4,16,16,4,106,10,10,10,10,7/25/2011
107,1,4,4,16,16,4,107,10,10,10,10,7/26/2011
108,1,4,4,16,16,4,108,10,10,10,10,7/27/2011
109,1,4,4,16,16,4,109,10,10,10,10,7/28/2011
110,1,4,4,16,16,4,110,10,10,10,10,7/29/2011
111,1,4,4,16,16,4,111,10,10,10,10,7/30/2011
112,1,4,4,16,16,4,112,10,10,10,10,7/31/2011
113,1,5,5,17,17,1,113,10,10,10,10,8/1/2011
114,1,5,5,17,17,1,114,10,10,10,10,8/2/2011
115,1,5,5,17,17,1,115,10,10,10,10,8/3/2011
116,1,5,5,17,17,1,116,10,10,10,10,8/4/2011
117,1,5,5,17,17,1,117,10,10,10,10,8/5/2011
118,1,5,5,17,17,1,118,10,10,10,10,8/6/2011
119,1,5,5,17,17,1,119,10,10,10,10,8/7/2011
120,1,5,5,18,18,2,120,10,10,10,10,8/8/2011
121,1,5,5,18,18,2,121,10,10,10,10,8/9/2011
122,1,5,5,18,18,2,122,10,10,10,10,8/10/2011
123,1,5,5,18,18,2,123,10,10,10,10,8/11/2011
124,1,5,5,18,18,2,124,10,10,10,10,8/12/2011
125,1,5,5,18,18,2,125,10,10,10,10,8/13/2011
126,1,5,5,18,18,2,126,10,10,10,10,8/14/2011
127,1,5,5,19,19,3,127,10,10,10,10,8/15/2011
128,1,5,5,19,19,3,128,10,10,10,10,8/16/2011
129,1,5,5,19,19,3,129,10,10,10,10,8/17/2011
130,1,5,5,19,19,3,130,10,10,10,10,8/18/2011
131,1,5,5,19,19,3,131,10,10,10,10,8/19/2011
132,1,5,5,19,19,3,132,10,10,10,10,8/20/2011
133,1,5,5,19,19,3,133,10,10,10,10,8/21/2011
134,1,5,5,20,20,4,134,10,10,10,10,8/22/2011
135,1,5,5,20,20,4,135,10,10,10,10,8/23/2011
136,1,5,5,20,20,4,136,10,10,10,10,8/24/2011
137,1,5,5,20,20,4,137,10,10,10,10,8/25/2011
138,1,5,5,20,20,4,138,10,10,10,10,8/26/2011
139,1,5,5,20,20,4,139,10,10,10,10,8/27/2011
140,1,5,5,20,20,4,140,10,10,10,10,8/28/2011
141,1,6,6,21,21,1,141,10,10,10,10,8/29/2011
142,1,6,6,21,21,1,142,10,10,10,10,8/30/2011
143,1,6,6,21,21,1,143,10,10,10,10,8/31/2011
144,1,6,6,21,21,1,144,10,10,10,10,9/1/2011
145,1,6,6,21,21,1,145,10,10,10,10,9/2/2011
146,1,6,6,21,21,1,146,10,10,10,10,9/3/2011
147,1,6,6,21,21,1,147,10,10,10,10,9/4/2011
148,1,6,6,22,22,2,148,10,10,10,10,9/5/2011
149,1,6,6,22,22,2,149,10,10,10,10,9/6/2011
150,1,6,6,22,22,2,150,10,10,10,10,9/7/2011
151,1,6,6,22,22,2,151,10,10,10,10,9/8/2011
152,1,6,6,22,22,2,152,10,10,10,10,9/9/2011
153,1,6,6,22,22,2,153,10,10,10,10,9/10/2011
154,1,6,6,22,22,2,154,10,10,10,10,9/11/2011
155,1,6,6,23,23,3,155,10,10,10,10,9/12/2011
156,1,6,6,23,23,3,156,10,10,10,10,9/13/2011
157,1,6,6,23,23,3,157,10,10,10,10,9/14/2011
158,1,6,6,23,23,3,158,10,10,10,10,9/15/2011
159,1,6,6,23,23,3,159,10,10,10,10,9/16/2011
160,1,6,6,23,23,3,160,10,10,10,10,9/17/2011
161,1,6,6,23,23,3,161,10,10,10,10,9/18/2011
162,1,6,6,24,24,4,162,10,10,10,10,9/19/2011
163,1,6,6,24,24,4,163,10,10,10,10,9/20/2011
164,1,6,6,24,24,4,164,10,10,10,10,9/21/2011
165,1,6,6,24,24,4,165,10,10,10,10,9/22/2011
166,1,6,6,24,24,4,166,10,10,10,10,9/23/2011
167,1,6,6,24,24,4,167,10,10,10,10,9/24/2011
168,1,6,6,24,24,4,168,10,10,10,10,9/25/2011
169,1,7,7,25,25,1,169,10,10,10,10,9/26/2011
170,1,7,7,25,25,1,170,10,10,10,10,9/27/2011
171,1,7,7,25,25,1,171,10,10,10,10,9/28/2011
172,1,7,7,25,25,1,172,10,10,10,10,9/29/2011
173,1,7,7,25,25,1,173,10,10,10,10,9/30/2011
174,1,7,7,25,25,1,174,10,10,10,10,10/1/2011
175,1,7,7,25,25,1,175,10,10,10,10,10/2/2011
176,1,7,7,26,26,2,176,10,10,10,10,10/3/2011
177,1,7,7,26,26,2,177,10,10,10,10,10/4/2011
178,1,7,7,26,26,2,178,10,10,10,10,10/5/2011
179,1,7,7,26,26,2,179,10,10,10,10,10/6/2011
180,1,7,7,26,26,2,180,10,10,10,10,10/7/2011
181,1,7,7,26,26,2,181,10,10,10,10,10/8/2011
182,1,7,7,26,26,2,182,10,10,10,10,10/9/2011
183,1,7,7,27,27,3,183,10,10,10,10,10/10/2011
184,1,7,7,27,27,3,184,10,10,10,10,10/11/2011
185,1,7,7,27,27,3,185,10,10,10,10,10/12/2011
186,1,7,7,27,27,3,186,10,10,10,10,10/13/2011
187,1,7,7,27,27,3,187,10,10,10,10,10/14/2011
188,1,7,7,27,27,3,188,10,10,10,10,10/15/2011
189,1,7,7,27,27,3,189,10,10,10,10,10/16/2011
190,1,7,7,28,28,4,190,10,10,10,10,10/17/2011
191,1,7,7,28,28,4,191,10,10,10,10,10/18/2011
192,1,7,7,28,28,4,192,10,10,10,10,10/19/2011
193,1,7,7,28,28,4,193,10,10,10,10,10/20/2011
194,1,7,7,28,28,4,194,10,10,10,10,10/21/2011
195,1,7,7,28,28,4,195,10,10,10,10,10/22/2011
196,1,7,7,28,28,4,196,10,10,10,10,10/23/2011
197,1,8,8,29,29,1,197,10,10,10,10,10/24/2011
198,1,8,8,29,29,1,198,10,10,10,10,10/25/2011
199,1,8,8,29,29,1,199,10,10,10,10,10/26/2011
200,1,8,8,29,29,1,200,10,10,10,10,10/27/2011
201,1,8,8,29,29,1,201,10,10,10,10,10/28/2011
202,1,8,8,29,29,1,202,10,10,10,10,10/29/2011
203,1,8,8,29,29,1,203,10,10,10,10,10/30/2011
204,1,8,8,30,30,2,204,10,10,10,10,10/31/2011
205,1,8,8,30,30,2,205,10,10,10,10,11/1/2011
206,1,8,8,30,30,2,206,10,10,10,10,11/2/2011
207,1,8,8,30,30,2,207,10,10,10,10,11/3/2011
208,1,8,8,30,30,2,208,10,10,10,10,11/4/2011
209,1,8,8,30,30,2,209,10,10,10,10,11/5/2011
210,1,8,8,30,30,2,210,10,10,10,10,11/6/2011
211,1,8,8,31,31,3,211,10,10,10,10,11/7/2011
212,1,8,8,31,31,3,212,10,10,10,10,11/8/2011
213,1,8,8,31,31,3,213,10,10,10,10,11/9/2011
214,1,8,8,31,31,3,214,10,10,10,10,11/10/2011
215,1,8,8,31,31,3,215,10,10,10,10,11/11/2011
216,1,8,8,31,31,3,216,10,10,10,10,11/12/2011
217,1,8,8,31,31,3,217,10,10,10,10,11/13/2011
218,1,8,8,32,32,4,218,10,10,10,10,11/14/2011
219,1,8,8,32,32,4,219,10,10,10,10,11/15/2011
220,1,8,8,32,32,4,220,10,10,10,10,11/16/2011
221,1,8,8,32,32,4,221,10,10,10,10,11/17/2011
222,1,8,8,32,32,4,222,10,10,10,10,11/18/2011
223,1,8,8,32,32,4,223,10,10,10,10,11/19/2011
224,1,8,8,32,32,4,224,10,10,10,10,11/20/2011
225,1,9,9,33,33,1,225,10,10,10,10,11/21/2011
226,1,9,9,33,33,1,226,10,10,10,10,11/22/2011
227,1,9,9,33,33,1,227,10,10,10,10,11/23/2011
228,1,9,9,33,33,1,228,10,10,10,10,11/24/2011
229,1,9,9,33,33,1,229,10,10,10,10,11/25/2011
230,1,9,9,33,33,1,230,10,10,10,10,11/26/2011
231,1,9,9,33,33,1,231,10,10,10,10,11/27/2011
232,1,9,9,34,34,2,232,10,10,10,10,11/28/2011
233,1,9,9,34,34,2,233,10,10,10,10,11/29/2011
234,1,9,9,34,34,2,234,10,10,10,10,11/30/2011
235,1,9,9,34,34,2,235,10,10,10,10,12/1/2011
236,1,9,9,34,34,2,236,10,10,10,10,12/2/2011
237,1,9,9,34,34,2,237,10,10,10,10,12/3/2011
238,1,9,9,34,34,2,238,10,10,10,10,12/4/2011
239,1,9,9,35,35,3,239,10,10,10,10,12/5/2011
240,1,9,9,35,35,3,240,10,10,10,10,12/6/2011
241,1,9,9,35,35,3,241,10,10,10,10,12/7/2011
242,1,9,9,35,35,3,242,10,10,10,10,12/8/2011
243,1,9,9,35,35,3,243,10,10,10,10,12/9/2011
244,1,9,9,35,35,3,244,10,10,10,10,12/10/2011
245,1,9,9,35,35,3,245,10,10,10,10,12/11/2011
246,1,9,9,36,36,4,246,10,10,10,10,12/12/2011
247,1,9,9,36,36,4,247,10,10,10,10,12/13/2011
248,1,9,9,36,36,4,248,10,10,10,10,12/14/2011
249,1,9,9,36,36,4,249,10,10,10,10,12/15/2011
250,1,9,9,36,36,4,250,10,10,10,10,12/16/2011
251,1,9,9,36,36,4,251,10,10,10,10,12/17/2011
252,1,9,9,36,36,4,252,10,10,10,10,12/18/2011
253,1,10,10,37,37,1,253,10,10,10,10,12/19/2011
254,1,10,10,37,37,1,254,10,10,10,10,12/20/2011
255,1,10,10,37,37,1,255,10,10,10,10,12/21/2011
256,1,10,10,37,37,1,256,10,10,10,10,12/22/2011
257,1,10,10,37,37,1,257,10,10,10,10,12/23/2011
258,1,10,10,37,37,1,258,10,10,10,10,12/24/2011
259,1,10,10,37,37,1,259,10,10,10,10,12/25/2011
260,1,10,10,38,38,2,260,10,10,10,10,12/26/2011
261,1,10,10,38,38,2,261,10,10,10,10,12/27/2011
262,1,10,10,38,38,2,262,10,10,10,10,12/28/2011
263,1,10,10,38,38,2,263,10,10,10,10,12/29/2011
264,1,10,10,38,38,2,264,10,10,10,10,12/30/2011
265,1,10,10,38,38,2,265,10,10,10,10,12/31/2011
266,1,10,10,38,38,2,266,10,10,10,10,1/1/2012
267,1,10,10,39,39,3,267,10,10,10,10,1/2/2012
268,1,10,10,39,39,3,268,10,10,10,10,1/3/2012
269,1,10,10,39,39,3,269,10,10,10,10,1/4/2012
270,1,10,10,39,39,3,270,10,10,10,10,1/5/2012
271,1,10,10,39,39,3,271,10,10,10,10,1/6/2012
272,1,10,10,39,39,3,272,10,10,10,10,1/7/2012
273,1,10,10,39,39,3,273,10,10,10,10,1/8/2012
274,1,10,10,40,40,4,274,10,10,10,10,1/9/2012
275,1,10,10,40,40,4,275,10,10,10,10,1/10/2012
276,1,10,10,40,40,4,276,10,10,10,10,1/11/2012
277,1,10,10,40,40,4,277,10,10,10,10,1/12/2012
278,1,10,10,40,40,4,278,10,10,10,10,1/13/2012
279,1,10,10,40,40,4,279,10,10,10,10,1/14/2012
280,1,10,10,40,40,4,280,10,10,10,10,1/15/2012
281,1,11,11,41,41,1,281,10,10,10,10,1/16/2012
282,1,11,11,41,41,1,282,10,10,10,10,1/17/2012
283,1,11,11,41,41,1,283,10,10,10,10,1/18/2012
284,1,11,11,41,41,1,284,10,10,10,10,1/19/2012
285,1,11,11,41,41,1,285,10,10,10,10,1/20/2012
286,1,11,11,41,41,1,286,10,10,10,10,1/21/2012
287,1,11,11,41,41,1,287,10,10,10,10,1/22/2012
288,1,11,11,42,42,2,288,10,10,10,10,1/23/2012
289,1,11,11,42,42,2,289,10,10,10,10,1/24/2012
290,1,11,11,42,42,2,290,10,10,10,10,1/25/2012
291,1,11,11,42,42,2,291,10,10,10,10,1/26/2012
292,1,11,11,42,42,2,292,10,10,10,10,1/27/2012
293,1,11,11,42,42,2,293,10,10,10,10,1/28/2012
294,1,11,11,42,42,2,294,10,10,10,10,1/29/2012
295,1,11,11,43,43,3,295,10,10,10,10,1/30/2012
296,1,11,11,43,43,3,296,10,10,10,10,1/31/2012
297,1,11,11,43,43,3,297,10,10,10,10,2/1/2012
298,1,11,11,43,43,3,298,10,10,10,10,2/2/2012
299,1,11,11,43,43,3,299,10,10,10,10,2/3/2012
300,1,11,11,43,43,3,300,10,10,10,10,2/4/2012
301,1,11,11,43,43,3,301,10,10,10,10,2/5/2012
302,1,11,11,44,44,4,302,10,10,10,10,2/6/2012
303,1,11,11,44,44,4,303,10,10,10,10,2/7/2012
304,1,11,11,44,44,4,304,10,10,10,10,2/8/2012
305,1,11,11,44,44,4,305,10,10,10,10,2/9/2012
306,1,11,11,44,44,4,306,10,10,10,10,2/10/2012
307,1,11,11,44,44,4,307,10,10,10,10,2/11/2012
308,1,11,11,44,44,4,308,10,10,10,10,2/12/2012
309,1,12,12,45,45,1,309,10,10,10,10,2/13/2012
310,1,12,12,45,45,1,310,10,10,10,10,2/14/2012
311,1,12,12,45,45,1,311,10,10,10,10,2/15/2012
312,1,12,12,45,45,1,312,10,10,10,10,2/16/2012
313,1,12,12,45,45,1,313,10,10,10,10,2/17/2012
314,1,12,12,45,45,1,314,10,10,10,10,2/18/2012
315,1,12,12,45,45,1,315,10,10,10,10,2/19/2012
316,1,12,12,46,46,2,316,10,10,10,10,2/20/2012
317,1,12,12,46,46,2,317,10,10,10,10,2/21/2012
318,1,12,12,46,46,2,318,10,10,10,10,2/22/2012
319,1,12,12,46,46,2,319,10,10,10,10,2/23/2012
320,1,12,12,46,46,2,320,10,10,10,10,2/24/2012
321,1,12,12,46,46,2,321,10,10,10,10,2/25/2012
322,1,12,12,46,46,2,322,10,10,10,10,2/26/2012
323,1,12,12,47,47,3,323,10,10,10,10,2/27/2012
324,1,12,12,47,47,3,324,10,10,10,10,2/28/2012
325,1,12,12,47,47,3,325,10,10,10,10,2/29/2012
326,1,12,12,47,47,3,326,10,10,10,10,3/1/2012
327,1,12,12,47,47,3,327,10,10,10,10,3/2/2012
328,1,12,12,47,47,3,328,10,10,10,10,3/3/2012
329,1,12,12,47,47,3,329,10,10,10,10,3/4/2012
330,1,12,12,48,48,4,330,10,10,10,10,3/5/2012
331,1,12,12,48,48,4,331,10,10,10,10,3/6/2012
332,1,12,12,48,48,4,332,10,10,10,10,3/7/2012
333,1,12,12,48,48,4,333,10,10,10,10,3/8/2012
334,1,12,12,48,48,4,334,10,10,10,10,3/9/2012
335,1,12,12,48,48,4,335,10,10,10,10,3/10/2012
336,1,12,12,48,48,4,336,10,10,10,10,3/11/2012
337,1,13,13,49,49,1,337,10,10,10,10,3/12/2012
338,1,13,13,49,49,1,338,10,10,10,10,3/13/2012
339,1,13,13,49,49,1,339,10,10,10,10,3/14/2012
340,1,13,13,49,49,1,340,10,10,10,10,3/15/2012
341,1,13,13,49,49,1,341,10,10,10,10,3/16/2012
342,1,13,13,49,49,1,342,10,10,10,10,3/17/2012
343,1,13,13,49,49,1,343,10,10,10,10,3/18/2012
344,1,13,13,50,50,2,344,10,10,10,10,3/19/2012
345,1,13,13,50,50,2,345,10,10,10,10,3/20/2012
346,1,13,13,50,50,2,346,10,10,10,10,3/21/2012
347,1,13,13,50,50,2,347,10,10,10,10,3/22/2012
348,1,13,13,50,50,2,348,10,10,10,10,3/23/2012
349,1,13,13,50,50,2,349,10,10,10,10,3/24/2012
350,1,13,13,50,50,2,350,10,10,10,10,3/25/2012
351,1,13,13,51,51,3,351,10,10,10,10,3/26/2012
352,1,13,13,51,51,3,352,10,10,10,10,3/27/2012
353,1,13,13,51,51,3,353,10,10,10,10,3/28/2012
354,1,13,13,51,51,3,354,10,10,10,10,3/29/2012
355,1,13,13,51,51,3,355,10,10,10,10,3/30/2012
356,1,13,13,51,51,3,356,10,10,10,10,3/31/2012
357,1,13,13,51,51,3,357,10,10,10,10,4/1/2012
358,1,13,13,52,52,4,358,10,10,10,10,4/2/2012
359,1,13,13,52,52,4,359,10,10,10,10,4/3/2012
360,1,13,13,52,52,4,360,10,10,10,10,4/4/2012
361,1,13,13,52,52,4,361,10,10,10,10,4/5/2012
362,1,13,13,52,52,4,362,10,10,10,10,4/6/2012
363,1,13,13,52,52,4,363,10,10,10,10,4/7/2012
364,1,13,13,52,52,4,364,10,10,10,10,4/8/2012
365,2,14,1,53,1,53,365,10,10,10,10,4/9/2012
366,2,14,1,53,1,53,366,10,10,10,10,4/10/2012
367,2,14,1,53,1,53,367,10,10,10,10,4/11/2012
368,2,14,1,53,1,53,368,10,10,10,10,4/12/2012
369,2,14,1,53,1,53,369,10,10,10,10,4/13/2012
370,2,14,1,53,1,53,370,10,10,10,10,4/14/2012
371,2,14,1,53,1,53,371,10,10,10,10,4/15/2012
372,2,14,1,54,2,54,372,10,10,10,10,4/16/2012
373,2,14,1,54,2,54,373,10,10,10,10,4/17/2012
374,2,14,1,54,2,54,374,10,10,10,10,4/18/2012
375,2,14,1,54,2,54,375,10,10,10,10,4/19/2012
376,2,14,1,54,2,54,376,10,10,10,10,4/20/2012
377,2,14,1,54,2,54,377,10,10,10,10,4/21/2012
378,2,14,1,54,2,54,378,10,10,10,10,4/22/2012
379,2,14,1,55,3,55,379,10,10,10,10,4/23/2012
380,2,14,1,55,3,55,380,10,10,10,10,4/24/2012
381,2,14,1,55,3,55,381,10,10,10,10,4/25/2012
382,2,14,1,55,3,55,382,10,10,10,10,4/26/2012
383,2,14,1,55,3,55,383,10,10,10,10,4/27/2012
384,2,14,1,55,3,55,384,10,10,10,10,4/28/2012
385,2,14,1,55,3,55,385,10,10,10,10,4/29/2012
386,2,14,1,56,4,56,386,10,10,10,10,4/30/2012
387,2,14,1,56,4,56,387,10,10,10,10,5/1/2012
388,2,14,1,56,4,56,388,10,10,10,10,5/2/2012
389,2,14,1,56,4,56,389,10,10,10,10,5/3/2012
390,2,14,1,56,4,56,390,10,10,10,10,5/4/2012
391,2,14,1,56,4,56,391,10,10,10,10,5/5/2012
392,2,14,1,56,4,56,392,10,10,10,10,5/6/2012
393,2,15,2,57,5,49,393,10,10,10,10,5/7/2012
394,2,15,2,57,5,49,394,10,10,10,10,5/8/2012
395,2,15,2,57,5,49,395,10,10,10,10,5/9/2012
396,2,15,2,57,5,49,396,10,10,10,10,5/10/2012
397,2,15,2,57,5,49,397,10,10,10,10,5/11/2012
398,2,15,2,57,5,49,398,10,10,10,10,5/12/2012
399,2,15,2,57,5,49,399,10,10,10,10,5/13/2012
400,2,15,2,58,6,50,400,10,10,10,10,5/14/2012
401,2,15,2,58,6,50,401,10,10,10,10,5/15/2012
402,2,15,2,58,6,50,402,10,10,10,10,5/16/2012
403,2,15,2,58,6,50,403,10,10,10,10,5/17/2012
404,2,15,2,58,6,50,404,10,10,10,10,5/18/2012
405,2,15,2,58,6,50,405,10,10,10,10,5/19/2012
406,2,15,2,58,6,50,406,10,10,10,10,5/20/2012
407,2,15,2,59,7,51,407,10,10,10,10,5/21/2012
408,2,15,2,59,7,51,408,10,10,10,10,5/22/2012
409,2,15,2,59,7,51,409,10,10,10,10,5/23/2012
410,2,15,2,59,7,51,410,10,10,10,10,5/24/2012
411,2,15,2,59,7,51,411,10,10,10,10,5/25/2012
412,2,15,2,59,7,51,412,10,10,10,10,5/26/2012
413,2,15,2,59,7,51,413,10,10,10,10,5/27/2012
414,2,15,2,60,8,52,414,10,10,10,10,5/28/2012
415,2,15,2,60,8,52,415,10,10,10,10,5/29/2012
416,2,15,2,60,8,52,416,10,10,10,10,5/30/2012
417,2,15,2,60,8,52,417,10,10,10,10,5/31/2012
418,2,15,2,60,8,52,418,10,10,10,10,6/1/2012
419,2,15,2,60,8,52,419,10,10,10,10,6/2/2012
420,2,15,2,60,8,52,420,10,10,10,10,6/3/2012
421,2,16,3,61,9,45,421,10,10,10,10,6/4/2012
422,2,16,3,61,9,45,422,10,10,10,10,6/5/2012
423,2,16,3,61,9,45,423,10,10,10,10,6/6/2012
424,2,16,3,61,9,45,424,10,10,10,10,6/7/2012
425,2,16,3,61,9,45,425,10,10,10,10,6/8/2012
426,2,16,3,61,9,45,426,10,10,10,10,6/9/2012
427,2,16,3,61,9,45,427,10,10,10,10,6/10/2012
428,2,16,3,62,10,46,428,10,10,10,10,6/11/2012
429,2,16,3,62,10,46,429,10,10,10,10,6/12/2012
430,2,16,3,62,10,46,430,10,10,10,10,6/13/2012
431,2,16,3,62,10,46,431,10,10,10,10,6/14/2012
432,2,16,3,62,10,46,432,10,10,10,10,6/15/2012
433,2,16,3,62,10,46,433,10,10,10,10,6/16/2012
434,2,16,3,62,10,46,434,10,10,10,10,6/17/2012
435,2,16,3,63,11,47,435,10,10,10,10,6/18/2012
436,2,16,3,63,11,47,436,10,10,10,10,6/19/2012
437,2,16,3,63,11,47,437,10,10,10,10,6/20/2012
438,2,16,3,63,11,47,438,10,10,10,10,6/21/2012
439,2,16,3,63,11,47,439,10,10,10,10,6/22/2012
440,2,16,3,63,11,47,440,10,10,10,10,6/23/2012
441,2,16,3,63,11,47,441,10,10,10,10,6/24/2012
442,2,16,3,64,12,48,442,10,10,10,10,6/25/2012
443,2,16,3,64,12,48,443,10,10,10,10,6/26/2012
444,2,16,3,64,12,48,444,10,10,10,10,6/27/2012
445,2,16,3,64,12,48,445,10,10,10,10,6/28/2012
446,2,16,3,64,12,48,446,10,10,10,10,6/29/2012
447,2,16,3,64,12,48,447,10,10,10,10,6/30/2012
448,2,16,3,64,12,48,448,10,10,10,10,7/1/2012
449,2,17,4,65,13,41,449,10,10,10,10,7/2/2012
450,2,17,4,65,13,41,450,10,10,10,10,7/3/2012
451,2,17,4,65,13,41,451,10,10,10,10,7/4/2012
452,2,17,4,65,13,41,452,10,10,10,10,7/5/2012
453,2,17,4,65,13,41,453,10,10,10,10,7/6/2012
454,2,17,4,65,13,41,454,10,10,10,10,7/7/2012
455,2,17,4,65,13,41,455,10,10,10,10,7/8/2012
456,2,17,4,66,14,42,456,10,10,10,10,7/9/2012
457,2,17,4,66,14,42,457,10,10,10,10,7/10/2012
458,2,17,4,66,14,42,458,10,10,10,10,7/11/2012
459,2,17,4,66,14,42,459,10,10,10,10,7/12/2012
460,2,17,4,66,14,42,460,10,10,10,10,7/13/2012
461,2,17,4,66,14,42,461,10,10,10,10,7/14/2012
462,2,17,4,66,14,42,462,10,10,10,10,7/15/2012
463,2,17,4,67,15,43,463,10,10,10,10,7/16/2012
464,2,17,4,67,15,43,464,10,10,10,10,7/17/2012
465,2,17,4,67,15,43,465,10,10,10,10,7/18/2012
466,2,17,4,67,15,43,466,10,10,10,10,7/19/2012
467,2,17,4,67,15,43,467,10,10,10,10,7/20/2012
468,2,17,4,67,15,43,468,10,10,10,10,7/21/2012
469,2,17,4,67,15,43,469,10,10,10,10,7/22/2012
470,2,17,4,68,16,44,470,10,10,10,10,7/23/2012
471,2,17,4,68,16,44,471,10,10,10,10,7/24/2012
472,2,17,4,68,16,44,472,10,10,10,10,7/25/2012
473,2,17,4,68,16,44,473,10,10,10,10,7/26/2012
474,2,17,4,68,16,44,474,10,10,10,10,7/27/2012
475,2,17,4,68,16,44,475,10,10,10,10,7/28/2012
476,2,17,4,68,16,44,476,10,10,10,10,7/29/2012
477,2,18,5,69,17,37,477,10,10,10,10,7/30/2012
478,2,18,5,69,17,37,478,10,10,10,10,7/31/2012
479,2,18,5,69,17,37,479,10,10,10,10,8/1/2012
480,2,18,5,69,17,37,480,10,10,10,10,8/2/2012
481,2,18,5,69,17,37,481,10,10,10,10,8/3/2012
482,2,18,5,69,17,37,482,10,10,10,10,8/4/2012
483,2,18,5,69,17,37,483,10,10,10,10,8/5/2012
484,2,18,5,70,18,38,484,10,10,10,10,8/6/2012
485,2,18,5,70,18,38,485,10,10,10,10,8/7/2012
486,2,18,5,70,18,38,486,10,10,10,10,8/8/2012
487,2,18,5,70,18,38,487,10,10,10,10,8/9/2012
488,2,18,5,70,18,38,488,10,10,10,10,8/10/2012
489,2,18,5,70,18,38,489,10,10,10,10,8/11/2012
490,2,18,5,70,18,38,490,10,10,10,10,8/12/2012
491,2,18,5,71,19,39,491,10,10,10,10,8/13/2012
492,2,18,5,71,19,39,492,10,10,10,10,8/14/2012
493,2,18,5,71,19,39,493,10,10,10,10,8/15/2012
494,2,18,5,71,19,39,494,10,10,10,10,8/16/2012
495,2,18,5,71,19,39,495,10,10,10,10,8/17/2012
496,2,18,5,71,19,39,496,10,10,10,10,8/18/2012
497,2,18,5,71,19,39,497,10,10,10,10,8/19/2012
498,2,18,5,72,20,40,498,10,10,10,10,8/20/2012
499,2,18,5,72,20,40,499,10,10,10,10,8/21/2012
500,2,18,5,72,20,40,500,10,10,10,10,8/22/2012
501,2,18,5,72,20,40,501,10,10,10,10,8/23/2012
502,2,18,5,72,20,40,502,10,10,10,10,8/24/2012
503,2,18,5,72,20,40,503,10,10,10,10,8/25/2012
504,2,18,5,72,20,40,504,10,10,10,10,8/26/2012
505,2,19,6,73,21,33,505,10,10,10,10,8/27/2012
506,2,19,6,73,21,33,506,10,10,10,10,8/28/2012
507,2,19,6,73,21,33,507,10,10,10,10,8/29/2012
508,2,19,6,73,21,33,508,10,10,10,10,8/30/2012
509,2,19,6,73,21,33,509,10,10,10,10,8/31/2012
510,2,19,6,73,21,33,510,10,10,10,10,9/1/2012
511,2,19,6,73,21,33,511,10,10,10,10,9/2/2012
512,2,19,6,74,22,34,512,10,10,10,10,9/3/2012
513,2,19,6,74,22,34,513,10,10,10,10,9/4/2012
514,2,19,6,74,22,34,514,10,10,10,10,9/5/2012
515,2,19,6,74,22,34,515,10,10,10,10,9/6/2012
516,2,19,6,74,22,34,516,10,10,10,10,9/7/2012
517,2,19,6,74,22,34,517,10,10,10,10,9/8/2012
518,2,19,6,74,22,34,518,10,10,10,10,9/9/2012
519,2,19,6,75,23,35,519,10,10,10,10,9/10/2012
520,2,19,6,75,23,35,520,10,10,10,10,9/11/2012
521,2,19,6,75,23,35,521,10,10,10,10,9/12/2012
522,2,19,6,75,23,35,522,10,10,10,10,9/13/2012
523,2,19,6,75,23,35,523,10,10,10,10,9/14/2012
524,2,19,6,75,23,35,524,10,10,10,10,9/15/2012
525,2,19,6,75,23,35,525,10,10,10,10,9/16/2012
526,2,19,6,76,24,36,526,10,10,10,10,9/17/2012
527,2,19,6,76,24,36,527,10,10,10,10,9/18/2012
528,2,19,6,76,24,36,528,10,10,10,10,9/19/2012
529,2,19,6,76,24,36,529,10,10,10,10,9/20/2012
530,2,19,6,76,24,36,530,10,10,10,10,9/21/2012
531,2,19,6,76,24,36,531,10,10,10,10,9/22/2012
532,2,19,6,76,24,36,532,10,10,10,10,9/23/2012
533,2,20,7,77,25,29,533,10,10,10,10,9/24/2012
534,2,20,7,77,25,29,534,10,10,10,10,9/25/2012
535,2,20,7,77,25,29,535,10,10,10,10,9/26/2012
536,2,20,7,77,25,29,536,10,10,10,10,9/27/2012
537,2,20,7,77,25,29,537,10,10,10,10,9/28/2012
538,2,20,7,77,25,29,538,10,10,10,10,9/29/2012
539,2,20,7,77,25,29,539,10,10,10,10,9/30/2012
540,2,20,7,78,26,30,540,10,10,10,10,10/1/2012
541,2,20,7,78,26,30,541,10,10,10,10,10/2/2012
542,2,20,7,78,26,30,542,10,10,10,10,10/3/2012
543,2,20,7,78,26,30,543,10,10,10,10,10/4/2012
544,2,20,7,78,26,30,544,10,10,10,10,10/5/2012
545,2,20,7,78,26,30,545,10,10,10,10,10/6/2012
546,2,20,7,78,26,30,546,10,10,10,10,10/7/2012
547,2,20,7,79,27,31,547,10,10,10,10,10/8/2012
548,2,20,7,79,27,31,548,10,10,10,10,10/9/2012
549,2,20,7,79,27,31,549,10,10,10,10,10/10/2012
550,2,20,7,79,27,31,550,10,10,10,10,10/11/2012
551,2,20,7,79,27,31,551,10,10,10,10,10/12/2012
552,2,20,7,79,27,31,552,10,10,10,10,10/13/2012
553,2,20,7,79,27,31,553,10,10,10,10,10/14/2012
554,2,20,7,80,28,32,554,10,10,10,10,10/15/2012
555,2,20,7,80,28,32,555,10,10,10,10,10/16/2012
556,2,20,7,80,28,32,556,10,10,10,10,10/17/2012
557,2,20,7,80,28,32,557,10,10,10,10,10/18/2012
558,2,20,7,80,28,32,558,10,10,10,10,10/19/2012
559,2,20,7,80,28,32,559,10,10,10,10,10/20/2012
560,2,20,7,80,28,32,560,10,10,10,10,10/21/2012
561,2,21,8,81,29,25,561,10,10,10,10,10/22/2012
562,2,21,8,81,29,25,562,10,10,10,10,10/23/2012
563,2,21,8,81,29,25,563,10,10,10,10,10/24/2012
564,2,21,8,81,29,25,564,10,10,10,10,10/25/2012
565,2,21,8,81,29,25,565,10,10,10,10,10/26/2012
566,2,21,8,81,29,25,566,10,10,10,10,10/27/2012
567,2,21,8,81,29,25,567,10,10,10,10,10/28/2012
568,2,21,8,82,30,26,568,10,10,10,10,10/29/2012
569,2,21,8,82,30,26,569,10,10,10,10,10/30/2012
570,2,21,8,82,30,26,570,10,10,10,10,10/31/2012
571,2,21,8,82,30,26,571,10,10,10,10,11/1/2012
572,2,21,8,82,30,26,572,10,10,10,10,11/2/2012
573,2,21,8,82,30,26,573,10,10,10,10,11/3/2012
574,2,21,8,82,30,26,574,10,10,10,10,11/4/2012
575,2,21,8,83,31,27,575,10,10,10,10,11/5/2012
576,2,21,8,83,31,27,576,10,10,10,10,11/6/2012
577,2,21,8,83,31,27,577,10,10,10,10,11/7/2012
578,2,21,8,83,31,27,578,10,10,10,10,11/8/2012
579,2,21,8,83,31,27,579,10,10,10,10,11/9/2012
580,2,21,8,83,31,27,580,10,10,10,10,11/10/2012
581,2,21,8,83,31,27,581,10,10,10,10,11/11/2012
582,2,21,8,84,32,28,582,10,10,10,10,11/12/2012
583,2,21,8,84,32,28,583,10,10,10,10,11/13/2012
584,2,21,8,84,32,28,584,10,10,10,10,11/14/2012
585,2,21,8,84,32,28,585,10,10,10,10,11/15/2012
586,2,21,8,84,32,28,586,10,10,10,10,11/16/2012
587,2,21,8,84,32,28,587,10,10,10,10,11/17/2012
588,2,21,8,84,32,28,588,10,10,10,10,11/18/2012
589,2,22,9,85,33,21,589,10,10,10,10,11/19/2012
590,2,22,9,85,33,21,590,10,10,10,10,11/20/2012
591,2,22,9,85,33,21,591,10,10,10,10,11/21/2012
592,2,22,9,85,33,21,592,10,10,10,10,11/22/2012
593,2,22,9,85,33,21,593,10,10,10,10,11/23/2012
594,2,22,9,85,33,21,594,10,10,10,10,11/24/2012
595,2,22,9,85,33,21,595,10,10,10,10,11/25/2012
596,2,22,9,86,34,22,596,10,10,10,10,11/26/2012
597,2,22,9,86,34,22,597,10,10,10,10,11/27/2012
598,2,22,9,86,34,22,598,10,10,10,10,11/28/2012
599,2,22,9,86,34,22,599,10,10,10,10,11/29/2012
600,2,22,9,86,34,22,600,10,10,10,10,11/30/2012
601,2,22,9,86,34,22,601,10,10,10,10,12/1/2012
602,2,22,9,86,34,22,602,10,10,10,10,12/2/2012
603,2,22,9,87,35,23,603,10,10,10,10,12/3/2012
604,2,22,9,87,35,23,604,10,10,10,10,12/4/2012
605,2,22,9,87,35,23,605,10,10,10,10,12/5/2012
606,2,22,9,87,35,23,606,10,10,10,10,12/6/2012
607,2,22,9,87,35,23,607,10,10,10,10,12/7/2012
608,2,22,9,87,35,23,608,10,10,10,10,12/8/2012
609,2,22,9,87,35,23,609,10,10,10,10,12/9/2012
610,2,22,9,88,36,24,610,10,10,10,10,12/10/2012
611,2,22,9,88,36,24,611,10,10,10,10,12/11/2012
612,2,22,9,88,36,24,612,10,10,10,10,12/12/2012
613,2,22,9,88,36,24,613,10,10,10,10,12/13/2012
614,2,22,9,88,36,24,614,10,10,10,10,12/14/2012
615,2,22,9,88,36,24,615,10,10,10,10,12/15/2012
616,2,22,9,88,36,24,616,10,10,10,10,12/16/2012
617,2,23,10,89,37,17,617,10,10,10,10,12/17/2012
618,2,23,10,89,37,17,618,10,10,10,10,12/18/2012
619,2,23,10,89,37,17,619,10,10,10,10,12/19/2012
620,2,23,10,89,37,17,620,10,10,10,10,12/20/2012
621,2,23,10,89,37,17,621,10,10,10,10,12/21/2012
622,2,23,10,89,37,17,622,10,10,10,10,12/22/2012
623,2,23,10,89,37,17,623,10,10,10,10,12/23/2012
624,2,23,10,90,38,18,624,10,10,10,10,12/24/2012
625,2,23,10,90,38,18,625,10,10,10,10,12/25/2012
626,2,23,10,90,38,18,626,10,10,10,10,12/26/2012
627,2,23,10,90,38,18,627,10,10,10,10,12/27/2012
628,2,23,10,90,38,18,628,10,10,10,10,12/28/2012
629,2,23,10,90,38,18,629,10,10,10,10,12/29/2012
630,2,23,10,90,38,18,630,10,10,10,10,12/30/2012
631,2,23,10,91,39,19,631,10,10,10,10,12/31/2012
632,2,23,10,91,39,19,632,10,10,10,10,1/1/2013
633,2,23,10,91,39,19,633,10,10,10,10,1/2/2013
634,2,23,10,91,39,19,634,10,10,10,10,1/3/2013
635,2,23,10,91,39,19,635,10,10,10,10,1/4/2013
636,2,23,10,91,39,19,636,10,10,10,10,1/5/2013
637,2,23,10,91,39,19,637,10,10,10,10,1/6/2013
638,2,23,10,92,40,20,638,10,10,10,10,1/7/2013
639,2,23,10,92,40,20,639,10,10,10,10,1/8/2013
640,2,23,10,92,40,20,640,10,10,10,10,1/9/2013
641,2,23,10,92,40,20,641,10,10,10,10,1/10/2013
642,2,23,10,92,40,20,642,10,10,10,10,1/11/2013
643,2,23,10,92,40,20,643,10,10,10,10,1/12/2013
644,2,23,10,92,40,20,644,10,10,10,10,1/13/2013
645,2,24,11,93,41,13,645,10,10,10,10,1/14/2013
646,2,24,11,93,41,13,646,10,10,10,10,1/15/2013
647,2,24,11,93,41,13,647,10,10,10,10,1/16/2013
648,2,24,11,93,41,13,648,10,10,10,10,1/17/2013
649,2,24,11,93,41,13,649,10,10,10,10,1/18/2013
650,2,24,11,93,41,13,650,10,10,10,10,1/19/2013
651,2,24,11,93,41,13,651,10,10,10,10,1/20/2013
652,2,24,11,94,42,14,652,10,10,10,10,1/21/2013
653,2,24,11,94,42,14,653,10,10,10,10,1/22/2013
654,2,24,11,94,42,14,654,10,10,10,10,1/23/2013
655,2,24,11,94,42,14,655,10,10,10,10,1/24/2013
656,2,24,11,94,42,14,656,10,10,10,10,1/25/2013
657,2,24,11,94,42,14,657,10,10,10,10,1/26/2013
658,2,24,11,94,42,14,658,10,10,10,10,1/27/2013
659,2,24,11,95,43,15,659,10,10,10,10,1/28/2013
660,2,24,11,95,43,15,660,10,10,10,10,1/29/2013
661,2,24,11,95,43,15,661,10,10,10,10,1/30/2013
662,2,24,11,95,43,15,662,10,10,10,10,1/31/2013
663,2,24,11,95,43,15,663,10,10,10,10,2/1/2013
664,2,24,11,95,43,15,664,10,10,10,10,2/2/2013
665,2,24,11,95,43,15,665,10,10,10,10,2/3/2013
666,2,24,11,96,44,16,666,10,10,10,10,2/4/2013
667,2,24,11,96,44,16,667,10,10,10,10,2/5/2013
668,2,24,11,96,44,16,668,10,10,10,10,2/6/2013
669,2,24,11,96,44,16,669,10,10,10,10,2/7/2013
670,2,24,11,96,44,16,670,10,10,10,10,2/8/2013
671,2,24,11,96,44,16,671,10,10,10,10,2/9/2013
672,2,24,11,96,44,16,672,10,10,10,10,2/10/2013
673,2,25,12,97,45,9,673,10,10,10,10,2/11/2013
674,2,25,12,97,45,9,674,10,10,10,10,2/12/2013
675,2,25,12,97,45,9,675,10,10,10,10,2/13/2013
676,2,25,12,97,45,9,676,10,10,10,10,2/14/2013
677,2,25,12,97,45,9,677,10,10,10,10,2/15/2013
678,2,25,12,97,45,9,678,10,10,10,10,2/16/2013
679,2,25,12,97,45,9,679,10,10,10,10,2/17/2013
680,2,25,12,98,46,10,680,10,10,10,10,2/18/2013
681,2,25,12,98,46,10,681,10,10,10,10,2/19/2013
682,2,25,12,98,46,10,682,10,10,10,10,2/20/2013
683,2,25,12,98,46,10,683,10,10,10,10,2/21/2013
684,2,25,12,98,46,10,684,10,10,10,10,2/22/2013
685,2,25,12,98,46,10,685,10,10,10,10,2/23/2013
686,2,25,12,98,46,10,686,10,10,10,10,2/24/2013
687,2,25,12,99,47,11,687,10,10,10,10,2/25/2013
688,2,25,12,99,47,11,688,10,10,10,10,2/26/2013
689,2,25,12,99,47,11,689,10,10,10,10,2/27/2013
690,2,25,12,99,47,11,690,10,10,10,10,2/28/2013
691,2,25,12,99,47,11,691,10,10,10,10,3/1/2013
692,2,25,12,99,47,11,692,10,10,10,10,3/2/2013
693,2,25,12,99,47,11,693,10,10,10,10,3/3/2013
694,2,25,12,100,48,12,694,10,10,10,10,3/4/2013
695,2,25,12,100,48,12,695,10,10,10,10,3/5/2013
696,2,25,12,100,48,12,696,10,10,10,10,3/6/2013
697,2,25,12,100,48,12,697,10,10,10,10,3/7/2013
698,2,25,12,100,48,12,698,10,10,10,10,3/8/2013
699,2,25,12,100,48,12,699,10,10,10,10,3/9/2013
700,2,25,12,100,48,12,700,10,10,10,10,3/10/2013
701,2,26,13,101,49,5,701,10,10,10,10,3/11/2013
702,2,26,13,101,49,5,702,10,10,10,10,3/12/2013
703,2,26,13,101,49,5,703,10,10,10,10,3/13/2013
704,2,26,13,101,49,5,704,10,10,10,10,3/14/2013
705,2,26,13,101,49,5,705,10,10,10,10,3/15/2013
706,2,26,13,101,49,5,706,10,10,10,10,3/16/2013
707,2,26,13,101,49,5,707,10,10,10,10,3/17/2013
708,2,26,13,102,50,6,708,10,10,10,10,3/18/2013
709,2,26,13,102,50,6,709,10,10,10,10,3/19/2013
710,2,26,13,102,50,6,710,10,10,10,10,3/20/2013
711,2,26,13,102,50,6,711,10,10,10,10,3/21/2013
712,2,26,13,102,50,6,712,10,10,10,10,3/22/2013
713,2,26,13,102,50,6,713,10,10,10,10,3/23/2013
714,2,26,13,102,50,6,714,10,10,10,10,3/24/2013
715,2,26,13,103,51,7,715,10,10,10,10,3/25/2013
716,2,26,13,103,51,7,716,10,10,10,10,3/26/2013
717,2,26,13,103,51,7,717,10,10,10,10,3/27/2013
718,2,26,13,103,51,7,718,10,10,10,10,3/28/2013
719,2,26,13,103,51,7,719,10,10,10,10,3/29/2013
720,2,26,13,103,51,7,720,10,10,10,10,3/30/2013
721,2,26,13,103,51,7,721,10,10,10,10,3/31/2013
722,2,26,13,104,52,8,722,10,10,10,10,4/1/2013
723,2,26,13,104,52,8,723,10,10,10,10,4/2/2013
724,2,26,13,104,52,8,724,10,10,10,10,4/3/2013
725,2,26,13,104,52,8,725,10,10,10,10,4/4/2013
726,2,26,13,104,52,8,726,10,10,10,10,4/5/2013
727,2,26,13,104,52,8,727,10,10,10,10,4/6/2013
728,2,26,13,104,52,8,728,10,10,10,10,4/7/2013
729,3,27,1,105,1,105,729,10,10,10,10,4/8/2013
730,3,27,1,105,1,105,730,10,10,10,10,4/9/2013
731,3,27,1,105,1,105,731,10,10,10,10,4/10/2013
732,3,27,1,105,1,105,732,10,10,10,10,4/11/2013
733,3,27,1,105,1,105,733,10,10,10,10,4/12/2013
734,3,27,1,105,1,105,734,10,10,10,10,4/13/2013
735,3,27,1,105,1,105,735,10,10,10,10,4/14/2013
736,3,27,1,106,2,106,736,10,10,10,10,4/15/2013
737,3,27,1,106,2,106,737,10,10,10,10,4/16/2013
738,3,27,1,106,2,106,738,10,10,10,10,4/17/2013
739,3,27,1,106,2,106,739,10,10,10,10,4/18/2013
740,3,27,1,106,2,106,740,10,10,10,10,4/19/2013
741,3,27,1,106,2,106,741,10,10,10,10,4/20/2013
742,3,27,1,106,2,106,742,10,10,10,10,4/21/2013
743,3,27,1,107,3,107,743,10,10,10,10,4/22/2013
744,3,27,1,107,3,107,744,10,10,10,10,4/23/2013
745,3,27,1,107,3,107,745,10,10,10,10,4/24/2013
746,3,27,1,107,3,107,746,10,10,10,10,4/25/2013
747,3,27,1,107,3,107,747,10,10,10,10,4/26/2013
748,3,27,1,107,3,107,748,10,10,10,10,4/27/2013
749,3,27,1,107,3,107,749,10,10,10,10,4/28/2013
750,3,27,1,108,4,108,750,10,10,10,10,4/29/2013
751,3,27,1,108,4,108,751,10,10,10,10,4/30/2013
752,3,27,1,108,4,108,752,10,10,10,10,5/1/2013
753,3,27,1,108,4,108,753,10,10,10,10,5/2/2013
754,3,27,1,108,4,108,754,10,10,10,10,5/3/2013
755,3,27,1,108,4,108,755,10,10,10,10,5/4/2013
756,3,27,1,108,4,108,756,10,10,10,10,5/5/2013
757,3,28,2,109,5,97,757,10,10,10,10,5/6/2013
758,3,28,2,109,5,97,758,10,10,10,10,5/7/2013
759,3,28,2,109,5,97,759,10,10,10,10,5/8/2013
760,3,28,2,109,5,97,760,10,10,10,10,5/9/2013
761,3,28,2,109,5,97,761,10,10,10,10,5/10/2013
762,3,28,2,109,5,97,762,10,10,10,10,5/11/2013
763,3,28,2,109,5,97,763,10,10,10,10,5/12/2013
764,3,28,2,110,6,98,764,10,10,10,10,5/13/2013
765,3,28,2,110,6,98,765,10,10,10,10,5/14/2013
766,3,28,2,110,6,98,766,10,10,10,10,5/15/2013
767,3,28,2,110,6,98,767,10,10,10,10,5/16/2013
768,3,28,2,110,6,98,768,10,10,10,10,5/17/2013
769,3,28,2,110,6,98,769,10,10,10,10,5/18/2013
770,3,28,2,110,6,98,770,10,10,10,10,5/19/2013
771,3,28,2,111,7,99,771,10,10,10,10,5/20/2013
772,3,28,2,111,7,99,772,10,10,10,10,5/21/2013
773,3,28,2,111,7,99,773,10,10,10,10,5/22/2013
774,3,28,2,111,7,99,774,10,10,10,10,5/23/2013
775,3,28,2,111,7,99,775,10,10,10,10,5/24/2013
776,3,28,2,111,7,99,776,10,10,10,10,5/25/2013
777,3,28,2,111,7,99,777,10,10,10,10,5/26/2013
778,3,28,2,112,8,100,778,10,10,10,10,5/27/2013
779,3,28,2,112,8,100,779,10,10,10,10,5/28/2013
780,3,28,2,112,8,100,780,10,10,10,10,5/29/2013
781,3,28,2,112,8,100,781,10,10,10,10,5/30/2013
782,3,28,2,112,8,100,782,10,10,10,10,5/31/2013
783,3,28,2,112,8,100,783,10,10,10,10,6/1/2013
784,3,28,2,112,8,100,784,10,10,10,10,6/2/2013
785,3,29,3,113,9,89,785,10,10,10,10,6/3/2013
786,3,29,3,113,9,89,786,10,10,10,10,6/4/2013
787,3,29,3,113,9,89,787,10,10,10,10,6/5/2013
788,3,29,3,113,9,89,788,10,10,10,10,6/6/2013
789,3,29,3,113,9,89,789,10,10,10,10,6/7/2013
790,3,29,3,113,9,89,790,10,10,10,10,6/8/2013
791,3,29,3,113,9,89,791,10,10,10,10,6/9/2013
792,3,29,3,114,10,90,792,10,10,10,10,6/10/2013
793,3,29,3,114,10,90,793,10,10,10,10,6/11/2013
794,3,29,3,114,10,90,794,10,10,10,10,6/12/2013
795,3,29,3,114,10,90,795,10,10,10,10,6/13/2013
796,3,29,3,114,10,90,796,10,10,10,10,6/14/2013
797,3,29,3,114,10,90,797,10,10,10,10,6/15/2013
798,3,29,3,114,10,90,798,10,10,10,10,6/16/2013
799,3,29,3,115,11,91,799,10,10,10,10,6/17/2013
800,3,29,3,115,11,91,800,10,10,10,10,6/18/2013
801,3,29,3,115,11,91,801,10,10,10,10,6/19/2013
802,3,29,3,115,11,91,802,10,10,10,10,6/20/2013
803,3,29,3,115,11,91,803,10,10,10,10,6/21/2013
804,3,29,3,115,11,91,804,10,10,10,10,6/22/2013
805,3,29,3,115,11,91,805,10,10,10,10,6/23/2013
806,3,29,3,116,12,92,806,10,10,10,10,6/24/2013
807,3,29,3,116,12,92,807,10,10,10,10,6/25/2013
808,3,29,3,116,12,92,808,10,10,10,10,6/26/2013
809,3,29,3,116,12,92,809,10,10,10,10,6/27/2013
810,3,29,3,116,12,92,810,10,10,10,10,6/28/2013
811,3,29,3,116,12,92,811,10,10,10,10,6/29/2013
812,3,29,3,116,12,92,812,10,10,10,10,6/30/2013
813,3,30,4,117,13,81,813,10,10,10,10,7/1/2013
814,3,30,4,117,13,81,814,10,10,10,10,7/2/2013
815,3,30,4,117,13,81,815,10,10,10,10,7/3/2013
816,3,30,4,117,13,81,816,10,10,10,10,7/4/2013
817,3,30,4,117,13,81,817,10,10,10,10,7/5/2013
818,3,30,4,117,13,81,818,10,10,10,10,7/6/2013
819,3,30,4,117,13,81,819,10,10,10,10,7/7/2013
820,3,30,4,118,14,82,820,10,10,10,10,7/8/2013
821,3,30,4,118,14,82,821,10,10,10,10,7/9/2013
822,3,30,4,118,14,82,822,10,10,10,10,7/10/2013
823,3,30,4,118,14,82,823,10,10,10,10,7/11/2013
824,3,30,4,118,14,82,824,10,10,10,10,7/12/2013
825,3,30,4,118,14,82,825,10,10,10,10,7/13/2013
826,3,30,4,118,14,82,826,10,10,10,10,7/14/2013
827,3,30,4,119,15,83,827,10,10,10,10,7/15/2013
828,3,30,4,119,15,83,828,10,10,10,10,7/16/2013
829,3,30,4,119,15,83,829,10,10,10,10,7/17/2013
830,3,30,4,119,15,83,830,10,10,10,10,7/18/2013
831,3,30,4,119,15,83,831,10,10,10,10,7/19/2013
832,3,30,4,119,15,83,832,10,10,10,10,7/20/2013
833,3,30,4,119,15,83,833,10,10,10,10,7/21/2013
834,3,30,4,120,16,84,834,10,10,10,10,7/22/2013
835,3,30,4,120,16,84,835,10,10,10,10,7/23/2013
836,3,30,4,120,16,84,836,10,10,10,10,7/24/2013
837,3,30,4,120,16,84,837,10,10,10,10,7/25/2013
838,3,30,4,120,16,84,838,10,10,10,10,7/26/2013
839,3,30,4,120,16,84,839,10,10,10,10,7/27/2013
840,3,30,4,120,16,84,840,10,10,10,10,7/28/2013
841,3,31,5,121,17,73,841,10,10,10,10,7/29/2013
842,3,31,5,121,17,73,842,10,10,10,10,7/30/2013
843,3,31,5,121,17,73,843,10,10,10,10,7/31/2013
844,3,31,5,121,17,73,844,10,10,10,10,8/1/2013
845,3,31,5,121,17,73,845,10,10,10,10,8/2/2013
846,3,31,5,121,17,73,846,10,10,10,10,8/3/2013
847,3,31,5,121,17,73,847,10,10,10,10,8/4/2013
848,3,31,5,122,18,74,848,10,10,10,10,8/5/2013
849,3,31,5,122,18,74,849,10,10,10,10,8/6/2013
850,3,31,5,122,18,74,850,10,10,10,10,8/7/2013
851,3,31,5,122,18,74,851,10,10,10,10,8/8/2013
852,3,31,5,122,18,74,852,10,10,10,10,8/9/2013
853,3,31,5,122,18,74,853,10,10,10,10,8/10/2013
854,3,31,5,122,18,74,854,10,10,10,10,8/11/2013
855,3,31,5,123,19,75,855,10,10,10,10,8/12/2013
856,3,31,5,123,19,75,856,10,10,10,10,8/13/2013
857,3,31,5,123,19,75,857,10,10,10,10,8/14/2013
858,3,31,5,123,19,75,858,10,10,10,10,8/15/2013
859,3,31,5,123,19,75,859,10,10,10,10,8/16/2013
860,3,31,5,123,19,75,860,10,10,10,10,8/17/2013
861,3,31,5,123,19,75,861,10,10,10,10,8/18/2013
862,3,31,5,124,20,76,862,10,10,10,10,8/19/2013
863,3,31,5,124,20,76,863,10,10,10,10,8/20/2013
864,3,31,5,124,20,76,864,10,10,10,10,8/21/2013
865,3,31,5,124,20,76,865,10,10,10,10,8/22/2013
866,3,31,5,124,20,76,866,10,10,10,10,8/23/2013
867,3,31,5,124,20,76,867,10,10,10,10,8/24/2013
868,3,31,5,124,20,76,868,10,10,10,10,8/25/2013
869,3,32,6,125,21,65,869,10,10,10,10,8/26/2013
870,3,32,6,125,21,65,870,10,10,10,10,8/27/2013
871,3,32,6,125,21,65,871,10,10,10,10,8/28/2013
872,3,32,6,125,21,65,872,10,10,10,10,8/29/2013
873,3,32,6,125,21,65,873,10,10,10,10,8/30/2013
874,3,32,6,125,21,65,874,10,10,10,10,8/31/2013
875,3,32,6,125,21,65,875,10,10,10,10,9/1/2013
876,3,32,6,126,22,66,876,10,10,10,10,9/2/2013
877,3,32,6,126,22,66,877,10,10,10,10,9/3/2013
878,3,32,6,126,22,66,878,10,10,10,10,9/4/2013
879,3,32,6,126,22,66,879,10,10,10,10,9/5/2013
880,3,32,6,126,22,66,880,10,10,10,10,9/6/2013
881,3,32,6,126,22,66,881,10,10,10,10,9/7/2013
882,3,32,6,126,22,66,882,10,10,10,10,9/8/2013
883,3,32,6,127,23,67,883,10,10,10,10,9/9/2013
884,3,32,6,127,23,67,884,10,10,10,10,9/10/2013
885,3,32,6,127,23,67,885,10,10,10,10,9/11/2013
886,3,32,6,127,23,67,886,10,10,10,10,9/12/2013
887,3,32,6,127,23,67,887,10,10,10,10,9/13/2013
888,3,32,6,127,23,67,888,10,10,10,10,9/14/2013
889,3,32,6,127,23,67,889,10,10,10,10,9/15/2013
890,3,32,6,128,24,68,890,10,10,10,10,9/16/2013
891,3,32,6,128,24,68,891,10,10,10,10,9/17/2013
892,3,32,6,128,24,68,892,10,10,10,10,9/18/2013
893,3,32,6,128,24,68,893,10,10,10,10,9/19/2013
894,3,32,6,128,24,68,894,10,10,10,10,9/20/2013
895,3,32,6,128,24,68,895,10,10,10,10,9/21/2013
896,3,32,6,128,24,68,896,10,10,10,10,9/22/2013
897,3,33,7,129,25,57,897,10,10,10,10,9/23/2013
898,3,33,7,129,25,57,898,10,10,10,10,9/24/2013
899,3,33,7,129,25,57,899,10,10,10,10,9/25/2013
900,3,33,7,129,25,57,900,10,10,10,10,9/26/2013
901,3,33,7,129,25,57,901,10,10,10,10,9/27/2013
902,3,33,7,129,25,57,902,10,10,10,10,9/28/2013
903,3,33,7,129,25,57,903,10,10,10,10,9/29/2013
904,3,33,7,130,26,58,904,10,10,10,10,9/30/2013
905,3,33,7,130,26,58,905,10,10,10,10,10/1/2013
906,3,33,7,130,26,58,906,10,10,10,10,10/2/2013
907,3,33,7,130,26,58,907,10,10,10,10,10/3/2013
908,3,33,7,130,26,58,908,10,10,10,10,10/4/2013
909,3,33,7,130,26,58,909,10,10,10,10,10/5/2013
910,3,33,7,130,26,58,910,10,10,10,10,10/6/2013
911,3,33,7,131,27,59,911,10,10,10,10,10/7/2013
912,3,33,7,131,27,59,912,10,10,10,10,10/8/2013
913,3,33,7,131,27,59,913,10,10,10,10,10/9/2013
914,3,33,7,131,27,59,914,10,10,10,10,10/10/2013
915,3,33,7,131,27,59,915,10,10,10,10,10/11/2013
916,3,33,7,131,27,59,916,10,10,10,10,10/12/2013
917,3,33,7,131,27,59,917,10,10,10,10,10/13/2013
918,3,33,7,132,28,60,918,10,10,10,10,10/14/2013
919,3,33,7,132,28,60,919,10,10,10,10,10/15/2013
920,3,33,7,132,28,60,920,10,10,10,10,10/16/2013
921,3,33,7,132,28,60,921,10,10,10,10,10/17/2013
922,3,33,7,132,28,60,922,10,10,10,10,10/18/2013
923,3,33,7,132,28,60,923,10,10,10,10,10/19/2013
924,3,33,7,132,28,60,924,10,10,10,10,10/20/2013
925,3,34,8,133,29,49,925,10,10,10,10,10/21/2013
926,3,34,8,133,29,49,926,10,10,10,10,10/22/2013
927,3,34,8,133,29,49,927,10,10,10,10,10/23/2013
928,3,34,8,133,29,49,928,10,10,10,10,10/24/2013
929,3,34,8,133,29,49,929,10,10,10,10,10/25/2013
930,3,34,8,133,29,49,930,10,10,10,10,10/26/2013
931,3,34,8,133,29,49,931,10,10,10,10,10/27/2013
932,3,34,8,134,30,50,932,10,10,10,10,10/28/2013
933,3,34,8,134,30,50,933,10,10,10,10,10/29/2013
934,3,34,8,134,30,50,934,10,10,10,10,10/30/2013
935,3,34,8,134,30,50,935,10,10,10,10,10/31/2013
936,3,34,8,134,30,50,936,10,10,10,10,11/1/2013
937,3,34,8,134,30,50,937,10,10,10,10,11/2/2013
938,3,34,8,134,30,50,938,10,10,10,10,11/3/2013
939,3,34,8,135,31,51,939,10,10,10,10,11/4/2013
940,3,34,8,135,31,51,940,10,10,10,10,11/5/2013
941,3,34,8,135,31,51,941,10,10,10,10,11/6/2013
942,3,34,8,135,31,51,942,10,10,10,10,11/7/2013
943,3,34,8,135,31,51,943,10,10,10,10,11/8/2013
944,3,34,8,135,31,51,944,10,10,10,10,11/9/2013
945,3,34,8,135,31,51,945,10,10,10,10,11/10/2013
946,3,34,8,136,32,52,946,10,10,10,10,11/11/2013
947,3,34,8,136,32,52,947,10,10,10,10,11/12/2013
948,3,34,8,136,32,52,948,10,10,10,10,11/13/2013
949,3,34,8,136,32,52,949,10,10,10,10,11/14/2013
950,3,34,8,136,32,52,950,10,10,10,10,11/15/2013
951,3,34,8,136,32,52,951,10,10,10,10,11/16/2013
952,3,34,8,136,32,52,952,10,10,10,10,11/17/2013
953,3,35,9,137,33,41,953,10,10,10,10,11/18/2013
954,3,35,9,137,33,41,954,10,10,10,10,11/19/2013
955,3,35,9,137,33,41,955,10,10,10,10,11/20/2013
956,3,35,9,137,33,41,956,10,10,10,10,11/21/2013
957,3,35,9,137,33,41,957,10,10,10,10,11/22/2013
958,3,35,9,137,33,41,958,10,10,10,10,11/23/2013
959,3,35,9,137,33,41,959,10,10,10,10,11/24/2013
960,3,35,9,138,34,42,960,10,10,10,10,11/25/2013
961,3,35,9,138,34,42,961,10,10,10,10,11/26/2013
962,3,35,9,138,34,42,962,10,10,10,10,11/27/2013
963,3,35,9,138,34,42,963,10,10,10,10,11/28/2013
964,3,35,9,138,34,42,964,10,10,10,10,11/29/2013
965,3,35,9,138,34,42,965,10,10,10,10,11/30/2013
966,3,35,9,138,34,42,966,10,10,10,10,12/1/2013
967,3,35,9,139,35,43,967,10,10,10,10,12/2/2013
968,3,35,9,139,35,43,968,10,10,10,10,12/3/2013
969,3,35,9,139,35,43,969,10,10,10,10,12/4/2013
970,3,35,9,139,35,43,970,10,10,10,10,12/5/2013
971,3,35,9,139,35,43,971,10,10,10,10,12/6/2013
972,3,35,9,139,35,43,972,10,10,10,10,12/7/2013
973,3,35,9,139,35,43,973,10,10,10,10,12/8/2013
974,3,35,9,140,36,44,974,10,10,10,10,12/9/2013
975,3,35,9,140,36,44,975,10,10,10,10,12/10/2013
976,3,35,9,140,36,44,976,10,10,10,10,12/11/2013
977,3,35,9,140,36,44,977,10,10,10,10,12/12/2013
978,3,35,9,140,36,44,978,10,10,10,10,12/13/2013
979,3,35,9,140,36,44,979,10,10,10,10,12/14/2013
980,3,35,9,140,36,44,980,10,10,10,10,12/15/2013
981,3,36,10,141,37,33,981,10,10,10,10,12/16/2013
982,3,36,10,141,37,33,982,10,10,10,10,12/17/2013
983,3,36,10,141,37,33,983,10,10,10,10,12/18/2013
984,3,36,10,141,37,33,984,10,10,10,10,12/19/2013
985,3,36,10,141,37,33,985,10,10,10,10,12/20/2013
986,3,36,10,141,37,33,986,10,10,10,10,12/21/2013
987,3,36,10,141,37,33,987,10,10,10,10,12/22/2013
988,3,36,10,142,38,34,988,10,10,10,10,12/23/2013
989,3,36,10,142,38,34,989,10,10,10,10,12/24/2013
990,3,36,10,142,38,34,990,10,10,10,10,12/25/2013
991,3,36,10,142,38,34,991,10,10,10,10,12/26/2013
992,3,36,10,142,38,34,992,10,10,10,10,12/27/2013
993,3,36,10,142,38,34,993,10,10,10,10,12/28/2013
994,3,36,10,142,38,34,994,10,10,10,10,12/29/2013
995,3,36,10,143,39,35,995,10,10,10,10,12/30/2013
996,3,36,10,143,39,35,996,10,10,10,10,12/31/2013
997,3,36,10,143,39,35,997,10,10,10,10,1/1/2014
998,3,36,10,143,39,35,998,10,10,10,10,1/2/2014
999,3,36,10,143,39,35,999,10,10,10,10,1/3/2014
1000,3,36,10,143,39,35,"1,000",10,10,10,10,1/4/2014
1001,3,36,10,143,39,35,"1,001",10,10,10,10,1/5/2014
1002,3,36,10,144,40,36,"1,002",10,10,10,10,1/6/2014
1003,3,36,10,144,40,36,"1,003",10,10,10,10,1/7/2014
1004,3,36,10,144,40,36,"1,004",10,10,10,10,1/8/2014
1005,3,36,10,144,40,36,"1,005",10,10,10,10,1/9/2014
1006,3,36,10,144,40,36,"1,006",10,10,10,10,1/10/2014
1007,3,36,10,144,40,36,"1,007",10,10,10,10,1/11/2014
1008,3,36,10,144,40,36,"1,008",10,10,10,10,1/12/2014
1009,3,37,11,145,41,25,"1,009",10,10,10,10,1/13/2014
1010,3,37,11,145,41,25,"1,010",10,10,10,10,1/14/2014
1011,3,37,11,145,41,25,"1,011",10,10,10,10,1/15/2014
1012,3,37,11,145,41,25,"1,012",10,10,10,10,1/16/2014
1013,3,37,11,145,41,25,"1,013",10,10,10,10,1/17/2014
1014,3,37,11,145,41,25,"1,014",10,10,10,10,1/18/2014
1015,3,37,11,145,41,25,"1,015",10,10,10,10,1/19/2014
1016,3,37,11,146,42,26,"1,016",10,10,10,10,1/20/2014
1017,3,37,11,146,42,26,"1,017",10,10,10,10,1/21/2014
1018,3,37,11,146,42,26,"1,018",10,10,10,10,1/22/2014
1019,3,37,11,146,42,26,"1,019",10,10,10,10,1/23/2014
1020,3,37,11,146,42,26,"1,020",10,10,10,10,1/24/2014
1021,3,37,11,146,42,26,"1,021",10,10,10,10,1/25/2014
1022,3,37,11,146,42,26,"1,022",10,10,10,10,1/26/2014
1023,3,37,11,147,43,27,"1,023",10,10,10,10,1/27/2014
1024,3,37,11,147,43,27,"1,024",10,10,10,10,1/28/2014
1025,3,37,11,147,43,27,"1,025",10,10,10,10,1/29/2014
1026,3,37,11,147,43,27,"1,026",10,10,10,10,1/30/2014
1027,3,37,11,147,43,27,"1,027",10,10,10,10,1/31/2014
1028,3,37,11,147,43,27,"1,028",10,10,10,10,2/1/2014
1029,3,37,11,147,43,27,"1,029",10,10,10,10,2/2/2014
1030,3,37,11,148,44,28,"1,030",10,10,10,10,2/3/2014
1031,3,37,11,148,44,28,"1,031",10,10,10,10,2/4/2014
1032,3,37,11,148,44,28,"1,032",10,10,10,10,2/5/2014
1033,3,37,11,148,44,28,"1,033",10,10,10,10,2/6/2014
1034,3,37,11,148,44,28,"1,034",10,10,10,10,2/7/2014
1035,3,37,11,148,44,28,"1,035",10,10,10,10,2/8/2014
1036,3,37,11,148,44,28,"1,036",10,10,10,10,2/9/2014
1037,3,38,12,149,45,17,"1,037",10,10,10,10,2/10/2014
1038,3,38,12,149,45,17,"1,038",10,10,10,10,2/11/2014
1039,3,38,12,149,45,17,"1,039",10,10,10,10,2/12/2014
1040,3,38,12,149,45,17,"1,040",10,10,10,10,2/13/2014
1041,3,38,12,149,45,17,"1,041",10,10,10,10,2/14/2014
1042,3,38,12,149,45,17,"1,042",10,10,10,10,2/15/2014
1043,3,38,12,149,45,17,"1,043",10,10,10,10,2/16/2014
1044,3,38,12,150,46,18,"1,044",10,10,10,10,2/17/2014
1045,3,38,12,150,46,18,"1,045",10,10,10,10,2/18/2014
1046,3,38,12,150,46,18,"1,046",10,10,10,10,2/19/2014
1047,3,38,12,150,46,18,"1,047",10,10,10,10,2/20/2014
1048,3,38,12,150,46,18,"1,048",10,10,10,10,2/21/2014
1049,3,38,12,150,46,18,"1,049",10,10,10,10,2/22/2014
1050,3,38,12,150,46,18,"1,050",10,10,10,10,2/23/2014
1051,3,38,12,151,47,19,"1,051",10,10,10,10,2/24/2014
1052,3,38,12,151,47,19,"1,052",10,10,10,10,2/25/2014
1053,3,38,12,151,47,19,"1,053",10,10,10,10,2/26/2014
1054,3,38,12,151,47,19,"1,054",10,10,10,10,2/27/2014
1055,3,38,12,151,47,19,"1,055",10,10,10,10,2/28/2014
1056,3,38,12,151,47,19,"1,056",10,10,10,10,3/1/2014
1057,3,38,12,151,47,19,"1,057",10,10,10,10,3/2/2014
1058,3,38,12,152,48,20,"1,058",10,10,10,10,3/3/2014
1059,3,38,12,152,48,20,"1,059",10,10,10,10,3/4/2014
1060,3,38,12,152,48,20,"1,060",10,10,10,10,3/5/2014
1061,3,38,12,152,48,20,"1,061",10,10,10,10,3/6/2014
1062,3,38,12,152,48,20,"1,062",10,10,10,10,3/7/2014
1063,3,38,12,152,48,20,"1,063",10,10,10,10,3/8/2014
1064,3,38,12,152,48,20,"1,064",10,10,10,10,3/9/2014
1065,3,39,13,153,49,9,"1,065",10,10,10,10,3/10/2014
1066,3,39,13,153,49,9,"1,066",10,10,10,10,3/11/2014
1067,3,39,13,153,49,9,"1,067",10,10,10,10,3/12/2014
1068,3,39,13,153,49,9,"1,068",10,10,10,10,3/13/2014
1069,3,39,13,153,49,9,"1,069",10,10,10,10,3/14/2014
1070,3,39,13,153,49,9,"1,070",10,10,10,10,3/15/2014
1071,3,39,13,153,49,9,"1,071",10,10,10,10,3/16/2014
1072,3,39,13,154,50,10,"1,072",10,10,10,10,3/17/2014
1073,3,39,13,154,50,10,"1,073",10,10,10,10,3/18/2014
1074,3,39,13,154,50,10,"1,074",10,10,10,10,3/19/2014
1075,3,39,13,154,50,10,"1,075",10,10,10,10,3/20/2014
1076,3,39,13,154,50,10,"1,076",10,10,10,10,3/21/2014
1077,3,39,13,154,50,10,"1,077",10,10,10,10,3/22/2014
1078,3,39,13,154,50,10,"1,078",10,10,10,10,3/23/2014
1079,3,39,13,155,51,11,"1,079",10,10,10,10,3/24/2014
1080,3,39,13,155,51,11,"1,080",10,10,10,10,3/25/2014
1081,3,39,13,155,51,11,"1,081",10,10,10,10,3/26/2014
1082,3,39,13,155,51,11,"1,082",10,10,10,10,3/27/2014
1083,3,39,13,155,51,11,"1,083",10,10,10,10,3/28/2014
1084,3,39,13,155,51,11,"1,084",10,10,10,10,3/29/2014
1085,3,39,13,155,51,11,"1,085",10,10,10,10,3/30/2014
1086,3,39,13,156,52,12,"1,086",10,10,10,10,3/31/2014
1087,3,39,13,156,52,12,"1,087",10,10,10,10,4/1/2014
1088,3,39,13,156,52,12,"1,088",10,10,10,10,4/2/2014
1089,3,39,13,156,52,12,"1,089",10,10,10,10,4/3/2014
1090,3,39,13,156,52,12,"1,090",10,10,10,10,4/4/2014
1091,3,39,13,156,52,12,"1,091",10,10,10,10,4/5/2014
1092,3,39,13,156,52,12,"1,092",10,10,10,10,4/6/2014
1093,4,40,1,157,1,157,"1,093",10,10,10,10,4/7/2014
1094,4,40,1,157,1,157,"1,094",10,10,10,10,4/8/2014
1095,4,40,1,157,1,157,"1,095",10,10,10,10,4/9/2014
1096,4,40,1,157,1,157,"1,096",10,10,10,10,4/10/2014
1097,4,40,1,157,1,157,"1,097",10,10,10,10,4/11/2014
